<?xml version="1.0" encoding="UTF-8"?>
<!DOCTYPE plist PUBLIC "-//Apple//DTD PLIST 1.0//EN" "http://www.apple.com/DTDs/PropertyList-1.0.dtd">
<plist version="1.0">
<dict>
	<key>korean</key>
	<dict>
		<key>A0011001</key> <string>서비스를 시작할 수 없습니다.\n자세히 버튼을 눌러 오류를 확인해주세요.</string>
		<key>A0011002</key> <string>서비스를 시작할 수 없습니다.\n자세히 버튼을 눌러 오류를 확인해주세요.</string>
		<key>A0011003</key> <string>서비스를 시작할 수 없습니다.\n자세히 버튼을 눌러 오류를 확인해주세요.</string>
		<key>A0012001</key> <string>서비스를 시작할 수 없습니다.\n자세히 버튼을 눌러 오류를 확인해주세요.</string>
		<key>A0012002</key> <string>서비스를 시작할 수 없습니다.\n자세히 버튼을 눌러 오류를 확인해주세요.</string>
		<key>A0012003</key> <string>서비스를 시작할 수 없습니다.\n자세히 버튼을 눌러 오류를 확인해주세요.</string>
		<key>A0012004</key> <string>서비스를 시작할 수 없습니다.\n자세히 버튼을 눌러 오류를 확인해주세요.</string>
		<key>A0020001</key> <string>AMDS 서비스가 활성화되지 않았습니다.\n자세히 버튼을 눌러 오류를 확인해주세요.</string>
		<key>A0020002</key> <string>Bonjour 서비스가 활성화 되지 않았습니다.\n자세히 버튼을 눌러 오류를 확인해주세요.</string>
		<key>A0020003</key> <string>ADB가 실행되지 않았습니다.\n자세히 버튼을 눌러 오류를 확인해주세요.</string>
		<key>A0030001</key> <string>가상 디스플레이 드라이버에 문제가 발생했습니다.\n자세히 버튼을 눌러 오류를 확인해주세요.</string>
		<key>A0030002</key> <string>가상 입력 장치 드라이버에 문제가 발생했습니다.\n자세히 버튼을 눌러 오류를 확인해주세요.</string>
		<key>B0010001</key> <string>Bonjour 서비스에 문제가 발생했습니다.\n자세히 버튼을 눌러 오류를 확인해주세요.</string>
		<key>B0010002</key> <string>Bonjour 서비스에 문제가 발생했습니다.\n자세히 버튼을 눌러 오류를 확인해주세요.</string>
		<key>B0020001</key> <string>AMDS 서비스에 문제가 발생했습니다. 자세히 버튼을 눌러 오류를 확인해주세요.</string>
		<key>B0020002</key> <string>AMDS 서비스에 문제가 발생했습니다. 자세히 버튼을 눌러 오류를 확인해주세요.</string>
		<key>B0020003</key> <string>AMDS 서비스에 문제가 발생했습니다. 자세히 버튼을 눌러 오류를 확인해주세요.</string>
		<key>C0010101</key> <string>모바일 기기에 연결할 수 없습니다.\n자세히 버튼을 눌러 오류를 확인해주세요.</string>
		<key>C0010100</key> <string>모바일 기기에 연결할 수 없습니다.\n자세히 버튼을 눌러 오류를 확인해주세요.</string>
		<key>C0010200</key> <string>모바일 기기에 연결할 수 없습니다.\n자세히 버튼을 눌러 오류를 확인해주세요.</string>
		<key>D0010101</key> <string>해당 디스플레이는 캡쳐를 지원하지 않습니다.\n자세히 버튼을 눌러 오류를 확인해주세요.</string>
		<key>D0010102</key> <string>화면 캡쳐에 실패하였습니다.\n자세히 버튼을 눌러 오류를 확인해주세요.</string>
		<key>D0010201</key> <string>화면 캡쳐에 실패하였습니다.\n자세히 버튼을 눌러 오류를 확인해주세요.</string>
		<key>D0020001</key> <string>인코더를 찾을 수 없습니다.\n자세히 버튼을 눌러 오류를 확인해주세요.</string>
		<key>D0020002</key> <string>인코더 코덱 오픈에 실패했습니다.\n자세히 버튼을 눌러 오류를 확인해주세요.</string>
		<key>D0020003</key> <string>인코더 초기화에 실패했습니다.\n자세히 버튼을 눌러 오류를 확인해주세요.</string>
		<key>D0020004</key> <string>인코딩 과정에 에러가 발생했습니다.\n자세히 버튼을 눌러 오류를 확인해주세요.</string>
		<key>D0020005</key> <string>인코딩 과정에 에러가 발생했습니다.\n자세히 버튼을 눌러 오류를 확인해주세요.</string>
		<key>E0010001</key> <string>소켓 초기화에 실패했습니다.\n자세히 버튼을 눌러 오류를 확인해주세요.</string>
		<key>E0010002</key> <string>소켓 가용 버퍼가 부족합니다.\n자세히 버튼을 눌러 오류를 확인해주세요.</string>
		<key>E0010003</key> <string>데이터 전송이 실패했습니다.\n자세히 버튼을 눌러 오류를 확인해주세요.</string>
		<key>E0020001</key> <string>소켓 초기화에 실패했습니다.\n자세히 버튼을 눌러 오류를 확인해주세요.</string>
		<key>E0020002</key> <string>소켓 에러가 발생했습니다.\n자세히 버튼을 눌러 오류를 확인해주세요.</string>
	</dict>
	<key>korean-url</key>
	<dict>
		<key>A0011001</key> <string>http://www.easynlight.com/error-code/</string>
		<key>A0011002</key> <string>http://www.easynlight.com/error-code/</string>
		<key>A0011003</key> <string>http://www.easynlight.com/error-code/</string>
		<key>A0012001</key> <string>http://www.easynlight.com/error-code/</string>
		<key>A0012002</key> <string>http://www.easynlight.com/error-code/</string>
		<key>A0012003</key> <string>http://www.easynlight.com/error-code/</string>
		<key>A0012004</key> <string>http://www.easynlight.com/error-code/</string>
		<key>A0020001</key> <string>http://www.easynlight.com/error-code/</string>
		<key>A0020002</key> <string>http://www.easynlight.com/error-code/</string>
		<key>A0020003</key> <string>http://www.easynlight.com/error-code/</string>
		<key>A0030001</key> <string>http://www.easynlight.com/error-code/</string>
		<key>A0030002</key> <string>http://www.easynlight.com/error-code/</string>
		<key>B0010001</key> <string>http://www.easynlight.com/error-code/</string>
		<key>B0010002</key> <string>http://www.easynlight.com/error-code/</string>
		<key>B0020001</key> <string>http://www.easynlight.com/error-code/</string>
		<key>B0020002</key> <string>http://www.easynlight.com/error-code/</string>
		<key>B0020003</key> <string>http://www.easynlight.com/error-code/</string>
		<key>C0010101</key> <string>http://www.easynlight.com/error-code/</string>
		<key>C0010100</key> <string>http://www.easynlight.com/error-code/</string>
		<key>C0010200</key> <string>http://www.easynlight.com/error-code/</string>
		<key>D0010101</key> <string>http://www.easynlight.com/error-code/</string>
		<key>D0010102</key> <string>http://www.easynlight.com/error-code/</string>
		<key>D0010201</key> <string>http://www.easynlight.com/error-code/</string>
		<key>D0020001</key> <string>http://www.easynlight.com/error-code/</string>
		<key>D0020002</key> <string>http://www.easynlight.com/error-code/</string>
		<key>D0020003</key> <string>http://www.easynlight.com/error-code/</string>
		<key>D0020004</key> <string>http://www.easynlight.com/error-code/</string>
		<key>D0020005</key> <string>http://www.easynlight.com/error-code/</string>
		<key>E0010001</key> <string>http://www.easynlight.com/error-code/</string>
		<key>E0010002</key> <string>http://www.easynlight.com/error-code/</string>
		<key>E0010003</key> <string>http://www.easynlight.com/error-code/</string>
		<key>E0020001</key> <string>http://www.easynlight.com/error-code/</string>
		<key>E0020002</key> <string>http://www.easynlight.com/error-code/</string>
	</dict>
	
	<key>english</key>
    <dict>
		<key>A0011001</key> <string>The service cannot be started.\nClick the Detail button to see the error.</string>
		<key>A0011002</key> <string>The service cannot be started.\nClick the Detail button to see the error.</string>
		<key>A0011003</key> <string>The service cannot be started.\nClick the Detail button to see the error.</string>
		<key>A0012001</key> <string>The service cannot be started.\nClick the Detail button to see the error.</string>
		<key>A0012002</key> <string>The service cannot be started.\nClick the Detail button to see the error.</string>
		<key>A0012003</key> <string>The service cannot be started.\nClick the Detail button to see the error.</string>
		<key>A0012004</key> <string>The service cannot be started.\nClick the Detail button to see the error.</string>
		<key>A0020001</key> <string>AMDS service did not start.\nClick the Detail button to see the error.</string>
		<key>A0020002</key> <string>Bonjour service did not start.\nClick the Detail button to see the error.</string>
		<key>A0020003</key> <string>ADB did not start.\nClick the Detail button to see the error.</string>
		<key>A0030001</key> <string>There was a problem with the virtual display driver.\nClick the Detail button to see the error.</string>
		<key>A0030002</key> <string>There was a problem with the virtual input device driver.\nClick the Detail button to see the error.</string>
		<key>B0010001</key> <string>There was a problem with Bonjour service.\nClick the Detail button to see the error.</string>
		<key>B0010002</key> <string>There was a problem with Bonjour service.\nClick the Detail button to see the error.</string>
		<key>B0020001</key> <string>There was a problem with AMDS service.\nClick the Detail button to see the error.</string>
		<key>B0020002</key> <string>There was a problem with AMDS service.\nClick the Detail button to see the error.</string>
		<key>B0020003</key> <string>There was a problem with AMDS service.\nClick the Detail button to see the error.</string>
		<key>C0010101</key> <string>Cannot be connected to the mobile device.\nClick the Detail button to see the error.</string>
		<key>C0010100</key> <string>Cannot be connected to the mobile device.\nClick the Detail button to see the error.</string>
		<key>C0010200</key> <string>Cannot be connected to the mobile device.\nClick the Detail button to see the error.</string>
		<key>D0010101</key> <string>This display does not support screen capturing.\nClick the Detail button to see the error.</string>
		<key>D0010102</key> <string>Failed to take a screenshot.\nClick the Detail button to see the error.</string>
		<key>D0010201</key> <string>Failed to take a screenshot.\nClick the Detail button to see the error.</string>
		<key>D0020001</key> <string>Unable to find encoder.\nClick the Detail button to see the error.</string>
		<key>D0020002</key> <string>Failed to open an encoder codec.\nClick the Detail button to see the error.</string>
		<key>D0020003</key> <string>Failed to initialize encoder.\nClick the Detail button to see the error.</string>
		<key>D0020004</key> <string>An error occurred during the encoding process.\nClick the Detail button to see the error.</string>
		<key>D0020005</key> <string>An error occurred during the encoding process.\nClick the Detail button to see the error.</string>
		<key>E0010001</key> <string>Failed to initialize sockets.\nClick the Detail button to see the error.</string>
		<key>E0010002</key> <string>There is not enough buffer for sockets.\nClick the Detail button to see the error.</string>
		<key>E0010003</key> <string>Failed to send data.\nClick the Detail button to see the error.</string>
		<key>E0020001</key> <string>Failed to initialize sockets.\nClick the Detail button to see the error.</string>
		<key>E0020002</key> <string>A socket error occurred.\nClick the Detail button to see the error.</string>
	</dict>
	
	<key>english-url</key>
    <dict>
		<key>A0011001</key> <string>http://www.easynlight.com/en/error-code/</string>
		<key>A0011002</key> <string>http://www.easynlight.com/en/error-code/</string>
		<key>A0011003</key> <string>http://www.easynlight.com/en/error-code/</string>
		<key>A0012001</key> <string>http://www.easynlight.com/en/error-code/</string>
		<key>A0012002</key> <string>http://www.easynlight.com/en/error-code/</string>
		<key>A0012003</key> <string>http://www.easynlight.com/en/error-code/</string>
		<key>A0012004</key> <string>http://www.easynlight.com/en/error-code/</string>
		<key>A0020001</key> <string>http://www.easynlight.com/en/error-code/</string>
		<key>A0020002</key> <string>http://www.easynlight.com/en/error-code/</string>
		<key>A0020003</key> <string>http://www.easynlight.com/en/error-code/</string>
		<key>A0030001</key> <string>http://www.easynlight.com/en/error-code/</string>
		<key>A0030002</key> <string>http://www.easynlight.com/en/error-code/</string>
		<key>B0010001</key> <string>http://www.easynlight.com/en/error-code/</string>
		<key>B0010002</key> <string>http://www.easynlight.com/en/error-code/</string>
		<key>B0020001</key> <string>http://www.easynlight.com/en/error-code/</string>
		<key>B0020002</key> <string>http://www.easynlight.com/en/error-code/</string>
		<key>B0020003</key> <string>http://www.easynlight.com/en/error-code/</string>
		<key>C0010101</key> <string>http://www.easynlight.com/en/error-code/</string>
		<key>C0010100</key> <string>http://www.easynlight.com/en/error-code/</string>
		<key>C0010200</key> <string>http://www.easynlight.com/en/error-code/</string>
		<key>D0010101</key> <string>http://www.easynlight.com/en/error-code/</string>
		<key>D0010102</key> <string>http://www.easynlight.com/en/error-code/</string>
		<key>D0010201</key> <string>http://www.easynlight.com/en/error-code/</string>
		<key>D0020001</key> <string>http://www.easynlight.com/en/error-code/</string>
		<key>D0020002</key> <string>http://www.easynlight.com/en/error-code/</string>
		<key>D0020003</key> <string>http://www.easynlight.com/en/error-code/</string>
		<key>D0020004</key> <string>http://www.easynlight.com/en/error-code/</string>
		<key>D0020005</key> <string>http://www.easynlight.com/en/error-code/</string>
		<key>E0010001</key> <string>http://www.easynlight.com/en/error-code/</string>
		<key>E0010002</key> <string>http://www.easynlight.com/en/error-code/</string>
		<key>E0010003</key> <string>http://www.easynlight.com/en/error-code/</string>
		<key>E0020001</key> <string>http://www.easynlight.com/en/error-code/</string>
		<key>E0020002</key> <string>http://www.easynlight.com/en/error-code/</string>
	</dict>

	
	
	<key>chinese</key>
    <dict>
		<key>A0011001</key> <string>无法启动服务。\n点击“详情”按钮即可查看错误。</string>
		<key>A0011002</key> <string>无法启动服务。\n点击“详情”按钮即可查看错误。</string>
		<key>A0011003</key> <string>无法启动服务。\n点击“详情”按钮即可查看错误。</string>
		<key>A0012001</key> <string>无法启动服务。\n点击“详情”按钮即可查看错误。</string>
		<key>A0012002</key> <string>无法启动服务。\n点击“详情”按钮即可查看错误。</string>
		<key>A0012003</key> <string>无法启动服务。\n点击“详情”按钮即可查看错误。</string>
		<key>A0012004</key> <string>无法启动服务。\n点击“详情”按钮即可查看错误。</string>
		<key>A0020001</key> <string>AMDS 服务未启动。\n点击“详情”按钮即可查看错误。</string>
		<key>A0020002</key> <string>Bonjour 服务未启动。\n点击“详情”按钮即可查看错误。</string>
		<key>A0020003</key> <string>ADB 未启动。\n点击“详情”按钮即可查看错误。</string>
		<key>A0030001</key> <string>虚拟显示屏驱动器发生问题。\n点击“详情”按钮即可查看错误。</string>
		<key>A0030002</key> <string>虚拟输入设备驱动器发生问题。\n点击“详情”按钮即可查看错误。</string>
		<key>B0010001</key> <string>Bonjour 服务发生问题。\n点击“详情”按钮即可查看错误。</string>
		<key>B0010002</key> <string>Bonjour 服务发生问题。\n点击“详情”按钮即可查看错误。</string>
		<key>B0020001</key> <string>AMDS 服务发生问题。\n点击“详情”按钮即可查看错误。</string>
		<key>B0020002</key> <string>AMDS 服务发生问题。\n点击“详情”按钮即可查看错误。</string>
		<key>B0020003</key> <string>AMDS 服务发生问题。\n点击“详情”按钮即可查看错误。</string>
		<key>C0010101</key> <string>无法连接至移动设备。\n点击“详情”按钮即可查看错误。</string>
		<key>C0010100</key> <string>无法连接至移动设备。\n点击“详情”按钮即可查看错误。</string>
		<key>C0010200</key> <string>无法连接至移动设备。\n点击“详情”按钮即可查看错误。</string>
		<key>D0010101</key> <string>此显示屏不支持屏幕截图。\n点击“详情”按钮即可查看错误。</string>
		<key>D0010102</key> <string>无法进行屏幕截图。\n点击“详情”按钮即可查看错误。</string>
		<key>D0010201</key> <string>无法进行屏幕截图。\n点击“详情”按钮即可查看错误。</string>
		<key>D0020001</key> <string>无法查找编码器。\n点击“详情”按钮即可查看错误。</string>
		<key>D0020002</key> <string>无法打开编码器编解码器。\n点击“详情”按钮即可查看错误。</string>
		<key>D0020003</key> <string>无法初始化编码器。\n点击“详情”按钮即可查看错误。</string>
		<key>D0020004</key> <string>编码过程中出现错误。\n点击“详情”按钮即可查看错误。</string>
		<key>D0020005</key> <string>编码过程中出现错误。\n点击“详情”按钮即可查看错误。</string>
		<key>E0010001</key> <string>无法初始化套接字。\n点击“详情”按钮即可查看错误。</string>
		<key>E0010002</key> <string>套接字缓冲区空间不足。\n点击“详情”按钮即可查看错误。</string>
		<key>E0010003</key> <string>无法发送数据。\n点击“详情”按钮即可查看错误。</string>
		<key>E0020001</key> <string>无法初始化套接字。\n点击“详情”按钮即可查看错误。</string>
		<key>E0020002</key> <string>套接字发生错误。\n点击“详情”按钮即可查看错误。</string>
	</dict>
	
	<key>chinese-url</key>
    <dict>
		<key>A0011001</key> <string>http://www.easynlight.com/en/error-code/</string>
		<key>A0011002</key> <string>http://www.easynlight.com/en/error-code/</string>
		<key>A0011003</key> <string>http://www.easynlight.com/en/error-code/</string>
		<key>A0012001</key> <string>http://www.easynlight.com/en/error-code/</string>
		<key>A0012002</key> <string>http://www.easynlight.com/en/error-code/</string>
		<key>A0012003</key> <string>http://www.easynlight.com/en/error-code/</string>
		<key>A0012004</key> <string>http://www.easynlight.com/en/error-code/</string>
		<key>A0020001</key> <string>http://www.easynlight.com/en/error-code/</string>
		<key>A0020002</key> <string>http://www.easynlight.com/en/error-code/</string>
		<key>A0020003</key> <string>http://www.easynlight.com/en/error-code/</string>
		<key>A0030001</key> <string>http://www.easynlight.com/en/error-code/</string>
		<key>A0030002</key> <string>http://www.easynlight.com/en/error-code/</string>
		<key>B0010001</key> <string>http://www.easynlight.com/en/error-code/</string>
		<key>B0010002</key> <string>http://www.easynlight.com/en/error-code/</string>
		<key>B0020001</key> <string>http://www.easynlight.com/en/error-code/</string>
		<key>B0020002</key> <string>http://www.easynlight.com/en/error-code/</string>
		<key>B0020003</key> <string>http://www.easynlight.com/en/error-code/</string>
		<key>C0010101</key> <string>http://www.easynlight.com/en/error-code/</string>
		<key>C0010100</key> <string>http://www.easynlight.com/en/error-code/</string>
		<key>C0010200</key> <string>http://www.easynlight.com/en/error-code/</string>
		<key>D0010101</key> <string>http://www.easynlight.com/en/error-code/</string>
		<key>D0010102</key> <string>http://www.easynlight.com/en/error-code/</string>
		<key>D0010201</key> <string>http://www.easynlight.com/en/error-code/</string>
		<key>D0020001</key> <string>http://www.easynlight.com/en/error-code/</string>
		<key>D0020002</key> <string>http://www.easynlight.com/en/error-code/</string>
		<key>D0020003</key> <string>http://www.easynlight.com/en/error-code/</string>
		<key>D0020004</key> <string>http://www.easynlight.com/en/error-code/</string>
		<key>D0020005</key> <string>http://www.easynlight.com/en/error-code/</string>
		<key>E0010001</key> <string>http://www.easynlight.com/en/error-code/</string>
		<key>E0010002</key> <string>http://www.easynlight.com/en/error-code/</string>
		<key>E0010003</key> <string>http://www.easynlight.com/en/error-code/</string>
		<key>E0020001</key> <string>http://www.easynlight.com/en/error-code/</string>
		<key>E0020002</key> <string>http://www.easynlight.com/en/error-code/</string>
	</dict>
</dict>
</plist>
